Subject 1,Subject 2,Relationship1,Relationship2
Tom_Hanks,Colin_Hanks,Father,Son
Blythe_Danner,Gwyneth_Paltrow,Mother,Daughter
Janet_Leigh,Jamie_Lee_Curtis,Mother,Daughter
Tony_Curtis,Jamie_Lee_Curtis,Father,Daughter
Goldie_Hawn,Kate_Hudson,Mother,Daughter
Goldie_Hawn,Oliver_Hudson,Mother,Daughter
Bill_Hudson,Kate_Hudson,Father,Daughter
Bill_Hudson,Oliver_Hudson,Father,Daughter
Henry_Fonda,Jane_Fonda,Father,Daughter
Henry_Fonda,Peter_Fonda,Father,Son
Donald_Sutherland,Kiefer_Sutherland,Father,Son
Donald_Sutherland,Rossif_Sutherland,Father,Son
Jerry_Stiller,Ben_Stiller,Father,Son
Jon_Voight,Angelina_Jolie,Father,Daughter
Martin_Sheen,Charlie_Sheen,Father,Son
Martin_Sheen,Emilio_Estevez,Father,Son
Lloyd_Bridges,Beau_Bridges,Father,Son
Lloyd_Bridges,Jeff_Bridges,Father,Son
Kirk_Douglas,Michael_Douglas,Father,Son
Judy_Garland,Liza_Minelli,Mother,Daughter
Paul_McCartney,Stella_McCartney,Father,Daughter
John_Aniston,Jennifer_Aniston,Father,Daughter
Keith_Allen,Lily_Allen,Father,Daughter
Roxie_Roker,Lenny_Kravitz,Mother,Son
Cliff_Arquette,Lewis_Arquette,Father,Son
Lewis_Arquette,Rosanna_Arquette,Father,Daughter
Lewis_Arquette,Richmond_Arquette,Father,Son
Lewis_Arquette,Patricia_Arquette,Father,Daughter
Lewis_Arquette,David_Arquette,Father,Son
James_Brolin,Josh_Brolin,Father,Son
Billy_Ray_Cyrus,Miley_Cyrus,Father,Daughter
Will_Knightley,Keira_Knightley,Father,Daughter
Peggy_Lipton,Rashida_Jones,Mother,Daughter
Quincy_Jones,Rashida_Jones,Father,Daughter
Chris_Elliot,Abby_Elliot,Father,Daughter
Yolanda_Hadid,Bella_Hadid,Mother,Daughter
Yolanda_Hadid,Gigi_Hadid,Mother,Daughter
Robert_Pine,Chris_Pine,Father,Son
Don_Adams,Cecily_Adams,Father,Daughter
Michael_Lee_Aday,Amanda_Aday,Father,Daughter
Robert_Alda,Alan_Alda,Father,Son
Robert_Montgomery,Elizabeth_Montgomery,Father,Daughter
Phylicia_Rashad,Debbie_Allen,Mother,Daughter
Ozzy_Osbourne,Jack_Osbourne,Father,Son
Ozzy_Osbourne,Kelly_Osbourne,Father,Daughter
Sharon_Osbourne,Jack_Osbourne,Mother,Son
Sharon_Osbourne,Kelly_Osbourne,Mother,Daughter
Alan_Arkin,Adam_Arkin,Father,Son
Pedro_Armendariz,Pedro_Armendariz_Jr,Father,Son
John_Allen_Astin,Mackenzie_Astin,Father,Son
John_Allen_Astin,Sean_Astin,Father,Son
Patty_Duke,Mackenzie_Astin,Mother,Son
Patty_Duke,Sean_Astin,Mother,Son
Rene_Auberjonois,Remy_Auberjonois,Father,Son
Lucille_Ball,Desi_Arnaz_Jr,Mother,Son
Lucille_Ball,Lucie_Arnaz,Mother,Daughter
Desi_Arnaz,Desi_Arnaz_Jr,Father,Son
Desi_Arnaz,Lucie_Arnaz,Father,Daughter
Jim_Bannon,Jack_Bannon,Father,Son
Silvia_Pinal,Sylvia_Pasquel,Mother,Daughter
Silvia_Pinal,Alejandra_Guzman,Mother,Daughter
Rafael_Bardem,Pilar_Bardem,Father,Daughter
Pilar_Bardem,Carlos_Bardem,Mother,Son
Pilar_Bardem,Javier_Bardem,Mother,Son
John_Drew_Barrymore,Drew_Barrymore,Father,Daughter
Paul_Anka,Amanda_Anka,Father,Daughter
Shirley_MacLaine,Sachi_Parker,Mother,Daughter
Ed_Begley,Ed_Begley_Jr,Father,Son
Deborah_Pratt,Troian_Bellisario,Mother,Daughter
Frances_Bergen,Candice_Bergen,Mother,Daughter
James_Broderick,Matthew_Broderick,Father,Son
Barbra_Streisand,Jason_Gould,Mother,Son
Elliott_Gould,Jason_Gould,Father,Son
Mel_Brooks,Max_Brooks,Father,Son
Anne_Bancroft,Max_Brooks,Mother,Son
Pierce_Brosnan,Sean_Brosnan,Father,Son
Joyce_Bulifant,John_Mallory_Asher,Mother,Son
Carol_Burnett,Carrie_Hamilton,Mother,Daughter
Gary_Busey,Jake_Busey,Father,Son
James_Caan,Scott_Caan,Father,Son
Keith_Carradine,Martha_Plimpton,Father,Daughter
Robert_Carradine,Ever_Carradine,Father,Daughter
John_Cassavetes,Nick_Cassavetes,Father,Son
John_Cassavetes,Zoe_Cassavetes,Father,Daughter
Gena_Rowlands,Nick_Cassavetes,Mother,Son
Gena_Rowlands,Zoe_Cassavetes,Mother,Daughter
Tommy_Chong,Marcus_Chong,Father,Son
Tommy_Chong,Rae_Dawn_Chong,Father,Daughter
Tommy_Chong,Robbi_Chong,Father,Daughter
John_Cleese,Cynthia_Cleese,Father,Daughter
Martin_Balsam,Talia_Balsam,Father,Daughter
Nick_Clooney,George_Clooney,Father,Son
Rosemary_Clooney,Miguel_Ferrer,Mother,Son
Nat_King_Cole,Natalie_Cole,Father,Daughter
Sean_Connery,Jason_Connery,Father,Son
Tom_Conti,Nina_Conti,Father,Daughter
Talia_Shire,Jason_Schwartzman,Mother,Son
Francis_Ford_Coppola,Sofia_Coppola,Father,Daughter
Wanda_Ventham,Benedict_Cumberbatch,Mother,Son
Jasper_Carrott,Lucy_Davis,Father,Daughter
Peter_Davison,Georgia_Moffett,Father,Daughter
Brian_Dennehy,Elizabeth_Dennehy,Father,Daughter
Gerard_Depardieu,Guillaume_Depardieu,Father,Son
Gerard_Depardieu,Julie_Depardieu,Father,Daughter
Bruce_Dern,Laura_Dern,Father,Daughter
Diane_Ladd,Laura_Dern,Mother,Daughter
Clint_Eastwood,Alison_Eastwood,Father,Daughter
Clint_Eastwood,Scott_Eastwood,Father,Son
Debbie_Reynolds,Carrie_Fisher,Mother,Daughter
Peter_Fonda,Bridget_Fonda,Father,Daughter
Jane_Fonda,Troy_Garity,Mother,Son
Edward_Fox,Emilia_Fox,Father,Daughter
Edward_Fox,Freddie_Fox,Father,Son
Andy_Garcia,Dominik_Garcia_Lorido,Father,Daughter
Joel_Grey,Jennifer_Grey,Father,Daughter
Johnny_Hallyday,Laura_Smet,Father,Daughter
Alana_Stewart,Ashley_Hamilton,Mother,Son
Wings_Hauser,Cole_Hauser,Father,Son
Kathy_Hilton,Nicky_Hilton,Mother,Daughter
Kathy_Hilton,Paris_Hilton,Mother,Daughter
Rance_Howard,Ron_Howard,Father,Son
Rance_Howard,Clint_Howard,Father,Son
Ron_Howard,Bryce_Dallas_Howard,Father,Daughter
Julio_Iglesias,Chabeli_Iglesias,Father,Daughter
Julio_Iglesias,Enrique_Iglesias,Father,Son
Julio_Iglesias,Julio_Iglesias_Jr,Father,Son
Jeremy_Irons,Max_Irons,Father,Son
Naomi_Judd,Ashley_Judd,Mother,Daughter
Naomi_Judd,Wynonna_Judd,Mother,Daughter
Kris_Jenner,Kendall_Jenner,Mother,Daughter
Kris_Jenner,Kylie_Jenner,Mother,Daughter
Kris_Jenner,Kim_Kardhashian,Mother,Daughter
Kris_Jenner,Kourtney_Kardhashian,Mother,Daughter
Kris_Jenner,Khloe_Kardhashian,Mother,Daughter
Kris_Jenner,Rob_Kardhashian,Mother,Son
Arlene_Dahl,Lorenzo_Lamas,Mother,Son
Martin_Landau,Juliet_Landau,Father,Daughter
Barbara_Bain,Juliet_Landau,Mother,Daughter
John_Lennon,Julian_Lennon,Father,Son
Paul_McCartney,Stella_McCartney,Father,Daughter
Paul_McCartney,James_McCartney,Father,Son
Paul_McCartney,Mary_McCartney,Father,Daughter
Ryan_ONeil,Tatum_ONeill,Father,Daughter
Christopher_Plummer,Amanda_Plummer,Father,Daughter
Elvis_Presley,Lisa_Marie_Presley,Father,Daughter
Carl_Reiner,Rob_Reiner,Father,Son
Eric_Roberts,Emma_Roberts,Father,Daughter
William_Shatner,Melanie_Shatner,Father,Daughter
Paul_Sorvino,Mira_Sorvino,Father,Daughter
Sissy_Spacek,Schuyler_Fisk,Mother,Daughter
Timothy_Spall,Rafe_Spall,Father,Son
Meryl_Streep,Mamie_Gummer,Mother,Daughter
Meryl_Streep,Grace_Gummer,Mother,Daughter
Alan_Thicke,Robin_Thicke,Father,Son
Donald_Trump,Donald_Trump_Jr,Father,Son
Donald_Trump,Eric_Trump,Father,Son
Donald_Trump,Ivanka_Trump,Father,Daughter
Sam_Waterston,James_Waterston,Father,Son
Sam_Waterston,Katherine_Waterston,Father,Daughter
Prunella_Scales,Samuel_West,Mother,Son
Susan_Sarandon,Eva_Amurri_Martino,Mother,Daughter
Vanessa_Redgrave,Joely_Richardson,Mother,Daughter
Vanessa_Redgrave,Natasha_Richardson,Mother,Daughter
Olivia_Hussey,India_Eisley,Mother,Daughter
Tippi_Hedren,Melanie_Griffith,Mother,Daughter
Melanie_Griffith,Dakota_Johnson,Mother,Daughter
Demi_Moore,Rumer_Willis,Mother,Daughter
Connie_Stevens,Joely_Fisher,Mother,Daughter
George_C_Scott,Cambell_Scott,Father,Son
Shirley_Douglas,Kiefer_Sutherland,Mother,Son
Gloria_Vanderbilt,Anderson_Cooper,Mother,Son
Maria_Shriver,Patrick_Schwarzenegger,Mother,Son
Maria_Shriver,Katherine_Schwarzenegger,Mother,Daughter
Queen_Elizabeth_II,Charles_Prince_of_Wales,Mother,Son
Queen_Elizabeth_II,Prince_Andrew_Duke_of_York,Mother,Son
Queen_Elizabeth_II,Prince_Edward_Earl_of_Wessex,Mother,Son
Queen_Elizabeth_II,Anne_Princess_Royal,Mother,Daughter
Princess_Diana,Prince_Harry,Mother,Son
Princess_Diana,Prince_Williams,Mother,Son
Anne_Meara,Ben_Stiller,Mother,Son
Mia_Farrow,Ronan_Farrow,Mother,Son
Sean_Penn,Hopper_Penn,Father,Son
Sean_Penn,Dylan_Penn,Father,Daughter
Robin_Wright,Hopper_Penn,Mother,Son
Robin_Wright,Dylan_Penn,Mother,Daughter
Diana_Rigg,Rachel_Stirling,Mother,Daughter
Rosemary_Harris,Jennifer_Ehle,Mother,Daughter
Patrick_Troughton,David_Troughton,Father,Son
David_Troughton,Sam_Troughton,Father,Son
Maggie_Smith,Toby_Stephens,Mother,Son
Maggie_Smith,Chris_Larkin,Mother,Son
Robert_Stephens,Toby_Stephens,Father,Son
Robert_Stephens,Chris_Larkin,Father,Son
Phyllida_Law,Emma_Thompson,Mother,Daughter
David_Fleeshman,Richard_Fleeshman,Father,Son
Anna_Vissi,Sofia_Karvela,Mother,Daughter
Nikos_Karvelas,Sofia_Karvela,Father,Daughter
Aliki_Vougiouklaki,Giannis_Papamichael,Mother,Son
Dimitris_Papamichael,Giannis_Papamichael,Father,Son
Konstantinos_Mitsotakis,Dora_Bakoyannis,Father,Daughter
Konstantinos_Mitsotakis,Kyriakos_Mitsotakis,Father,Son
Andreas_Papandreou,Georgios_Papandreou,Father,Son
Andreas_Papandreou,Andreas_Jr_Papandreou,Father,Son
Andreas_Papandreou,Sofia_Papandreou,Father,Daughter
Andreas_Papandreou,Nikos_Papandreou,Father,Son
Margaret_Papandreou,Georgios_Papandreou,Mother,Son
Margaret_Papandreou,Andreas_Jr_Papandreou,Mother,Son
Margaret_Papandreou,Sofia_Papandreou,Mother,Daughter
Margaret_Papandreou,Nikos_Papandreou,Mother,Son
Sokratis_Kokkalis,Petros_Kokkalis,Father,Son
Pavlos_Giannakopoulos,Dimitrios_Giannakopoulos,Father,Son
Marianna_Vardinogianni,Giannis_Vardinogiannis,Mother,Son
Giannis_Zouganelis,Eleonora_Zouganeli,Father,Daughter
Ntinos_Karidis,Smaragda_Karidi,Father,Daughter
Stratos_Dionisiou,Stelios_Dionisiou,Father,Son
George_Bush_Sr,George_Bush_Jr,Father,Son
Joey_Bishop,Larry_Bishop,Father,Son
Ioannis_Varvitsiotis,Miltiadis_Varvitsiotis,Father,Son
John_Huston,Anjelica_Huston,Father,Daughter
John_Huston,Danny_Huston,Father,Son
Eddie_Fisher,Carrie_Fisher,Father,Daughter
Mickey_Hargitay,Mariska_Hargitay,Father,Daughter
Jayne_Mansfield,Mariska_Hargitay,Mother,Daughter
Harry_Redknapp,Jamie_Redknapp,Father,Son
Dragan_Sakota,Dusan_Sakota,Father,Son
Peter_Schmeichel,Kasper_Schmeichel,Father,Son
Zinedine_Zidane,Enzo_Zidane,Father,Son
Diego_Maradona,Diego_Sinagra,Father,Son
Jean_Djorkaeff,Youri_Djorkaeff,Father,Son
Danny_Blind,Daley_Blind,Father,Son
Boban_Jankovic,Vladimir_Jankovic,Father,Son
Bob_Boone,Aaron_Boone,Father,Son
Bob_Boone,Bret_Boone,Father,Son
David_Beckham,Brooklyn_Beckham,Father,Son
Victoria_Beckham,Brooklyn_Beckham,Mother,Son
Cesare_Maldini,Paolo_Maldini,Father,Son
Archie_Manning,Eli_Manning,Father,Son
Archie_Manning,Peyton_Manning,Father,Son
Frank_Lampard_Sr,Frank_Lampard,Father,Son
Arnold_Schwarzenegger,Patrick_Schwarzenegger,Father,Son
Arnold_Schwarzenegger,Katherine_Schwarzenegger,Father,Daughter
Eunice_Kennedy_Shriver,Maria_Shriver,Mother,Daughter
Eunice_Kennedy_Shriver,Mark_Shriver,Mother,Son
Eunice_Kennedy_Shriver,Timothy_Shriver,Mother,Son
Eunice_Kennedy_Shriver,Bobby_Shriver,Mother,Son
Eunice_Kennedy_Shriver,Anthony_Shriver,Mother,Son
John_F_Kennedy,Caroline_Kennedy,Father,Daughter
Jacqueline_Kennedy_Onassis,Caroline_Kennedy,Mother,Daughter
Ted_Kennedy,Edward_M_Kennedy_Jr,Father,Son
Ted_Kennedy,Kara_Kennedy,Father,Daughter
Ted_Kennedy,Patrick_J_Kennedy,Father,Son
Robert_F_Kennedy,Kathleen_Kennedy_Townsend,Father,Daughter
Robert_F_Kennedy,Joseph_P_Kennedy_II,Father,Son
Robert_F_Kennedy,Robert_F_Kennedy_Jr,Father,Son
Robert_F_Kennedy,Kerry_Kennedy,Father,Daughter
Robert_F_Kennedy,Christopher_G_Kennedy,Father,Son
Robert_F_Kennedy,Max_Kennedy,Father,Son
Robert_F_Kennedy,Rory_Kennedy,Father,Daughter
Jean_Kennedy_Smith,William_Kennedy_Smith,Mother,Son
Joseph_P_Kennedy_II,Joseph_P_Kennedy_III,Father,Son
Ethel_Kennedy,Joseph_P_Kennedy_III,Mother,Son
Caroline_Kennedy,Rose_Schlossberg,Mother,Daughter
Ronald_Reagan,Patti_Davis,Father,Daughter
Ronald_Reagan,Michael_Reagan,Father,Son
Ronald_Reagan,Ron_Reagan,Father,Son
Bill_Clinton,Chelsea_Clinton,Father,Daughter
Hillary_Clinton,Chelsea_Clinton,Mother,Daughter
Barbara_Bush,George_Bush_Jr,Mother,Son
George_Bush_Jr,Barbara_Pierce_Bush,Father,Daughter
George_Bush_Jr,Jenna_Bush_Hager,Father,Daughter
Laura_Bush,Barbara_Pierce_Bush,Mother,Daughter
Laura_Bush,Jenna_Bush_Hager,Mother,Daughter
Nancy_Reagan,Patti_Davis,Mother,Daughter
Nancy_Reagan,Ron_Reagan,Mother,Son
Tony_Benn,Hilary_Benn,Father,Son
Steven_Tyler,Liv_Tyler,Father,Daughter
Bebe_Buell,Liv_Tyler,Mother,Daughter
Natalie_Wood,Natasha_Gregson_Wagner,Mother,Daughter
Bruce_Willis,Rumer_Willis,Father,Daughter
Vanessa_Williams,Jillian_Hervey,Mother,Daughter
Robert_Redford,Amy_Redford,Father,Daughter
Ingrid_Bergman,Isabella_Rossellini,Mother,Daughter
Catherine_Deneuve,Chiara_Mastroianni,Mother,Daughter
Marcello_Mastroianni,Chiara_Mastroianni,Father,Daughter
Mickey_Rooney,Mickey_Rooney_Jr,Father,Son
Mickey_Rooney,Tim_Rooney,Father,Son
Aristotle_Onassis,Christina_Onassis,Father,Daughter
Christina_Onassis,Athina_Onassis,Mother,Daughter
Thierry_Roussel,Athina_Onassis,Father,Daughter
Johnny_Depp,Lily_Rose_Depp,Father,Daughter
Vanessa_Paradis,Lily_Rose_Depp,Mother,Daughter
Bella_Hadid,Gigi_Hadid,Sister,Sister
Charlie_Sheen,Emilio_Estevez,Brother,Brother
Beau_Bridges,Jeff_Bridges,Brother,Brother
Jane_Fonda,Peter_Fonda,Sister,Brother
Maggie_Gyllenhaal,Jake_Gyllenhaal,Sister,Brother
Ben_Affleck,Casey_Affleck,Brother,Brother
Rosanna_Arquette,Richmond_Arquette,Sister,Brother
Rosanna_Arquette,Patricia_Arquette,Sister,Sister
Rosanna_Arquette,David_Arquette,Sister,Brother
Richmond_Arquette,Patricia_Arquette,Brother,Sister
Richmond_Arquette,David_Arquette,Brother,Brother
Patricia_Arquette,David_Arquette,Sister,Brother
Natalie_Appleton,Nicole_Appleton,Sister,Sister
Sean_Astin,Mackenzie_Astin,Brother,Brother
Daniel_Day_Lewis,Tamasin_Day_Lewis,Brother,Sister
William_Baldwin,Stephen_Baldwin,Brother,Brother
William_Baldwin,Daniel_Baldwin,Brother,Brother
William_Baldwin,Alec_Baldwin,Brother,Brother
Stephen_Baldwin,Daniel_Baldwin,Brother,Brother
Stephen_Baldwin,Alec_Baldwin,Brother,Brother
Daniel_Baldwin,Alec_Baldwin,Brother,Brother
Desi_Arnaz_Jr,Lucie_Arnaz,Brother,Sister
John_Travolta,Ellen_Travolta,Brother,Sister
Carlos_Bardem,Javier_Bardem,Brother,Brother
Jason_Bateman,Justine_Bateman,Brother,Sister
Warren_Beatty,Shirley_MacLaine,Brother,Sister
Jenny_Berggren,Jonas_Berggren,Sister,Brother
Jenny_Berggren,Linn_Berggren,Sister,Sister
Jonas_Berggren,Linn_Berggren,Brother,Sister
Elizabeth_Bracco,Lorraine_Bracco,Sister,Sister
Kirk_Cameron,Candance_Cameron,Brother,Sister
Keith_Carradine,Robert_Carradine,Brother,Brother
Keith_Carradine,David_Carradine,Brother,Brother
Robert_Carradine,David_Carradine,Brother,Brother
Zoe_Cassavetes,Nick_Cassavetes,Sister,Brother
Marcus_Chong,Rae_Dawn_Chong,Brother,Sister
Marcus_Chong,Robbi_Chong,Brother,Sister
Rae_Dawn_Chong,Robbi_Chong,Sister,Sister
Barry_Chuckle,Paul_Chuckle,Brother,Brother
Nick_Clooney,Rosemary_Clooney,Brother,Sister
Ethan_Coen,Joel_Coen,Brother,Brother
Talia_Shire,Francis_Ford_Coppola,Sister,Brother
Joan_Cusack,John_Cusack,Sister,Brother
Niamh_Cusack,Sinead_Cusack,Sister,Sister
Tyne_Daly,Tim_Daly,Sister,Brother
David_DeLuise,Michael_DeLuise,Brother,Brother
David_DeLuise,Peter_DeLuise,Brother,Brother
Michael_DeLuise,Peter_DeLuise,Brother,Brother
Guillaume_Depardieu,Julie_Depardieu,Brother,Sister
Zoey_Deschanel,Emily_Deschanel,Sister,Sister
Alison_Eastwood,Scott_Eastwood,Sister,Brother
Joseph_Fiennes,Ralph_Fiennes,Brother,Brother
Edward_Fox,James_Fox,Brother,Brother
Melissa_Gilbert,Sara_Gilbert,Sister,Sister
Liam_Gallagher,Noel_Gallagher,Brother,Brother
Kate_Hudson,Oliver_Hudson,Sister,Brother
Chris_Hemsworth,Liam_Hemsworth,Brother,Brother
Chris_Hemsworth,Luke_Hemsworth,Brother,Brother
Liam_Hemsworth,Luke_Hemsworth,Brother,Brother
David_Hewlett,Kate_Hewlett,Brother,Sister
Nicky_Hilton,Paris_Hilton,Sister,Sister
Ron_Howard,Clint_Howard,Brother,Brother
Virginia_Madsen,Michael_Madsen,Sister,Brother
Anjelica_Huston,Danny_Huston,Sister,Brother
Enrique_Iglesias,Julio_Iglesias_Jr,Brother,Brother
Enrique_Iglesias,Chabeli_Iglesias,Brother,Sister
Julio_Iglesias_Jr,Chabeli_Iglesias,Brother,Sister
Ashley_Judd,Wynonna_Judd,Sister,Sister
Kim_Kardhashian,Kourtney_Kardhashian,Sister,Sister
Kim_Kardhashian,Khloe_Kardhashian,Sister,Sister
Kim_Kardhashian,Rob_Kardhashian,Sister,Brother
Kourtney_Kardhashian,Khloe_Kardhashian,Sister,Sister
Kourtney_Kardhashian,Rob_Kardhashian,Sister,Brother
Khloe_Kardhashian,Rob_Kardhashian,Sister,Brother
Andrew_Lawrence,Joey_Lawrence,Brother,Brother
Andrew_Lawrence,Matthew_Lawrence,Brother,Brother
Joey_Lawrence,Matthew_Lawrence,Brother,Brother
Donovan_Leitch_Jr,Ione_Skye,Brother,Sister
Jerry_Lee_Lewis,Linda_Gail_Lewis,Brother,Sister
Chad_Lowe,Rob_Lowe,Brother,Brother
Benji_Madden,Joel_Madden,Brother,Brother
Gary_Marshall,Penny_Marshall,Brother,Sister
Mary_McCartney,Stella_McCartney,Sister,Sister
Mary_McCartney,James_McCartney,Sister,Brother
Stella_McCartney,James_McCartney,Sister,Brother
Bill_Murray,John_Murray,Brother,Brother
Bill_Murray,Joel_Murray,Brother,Brother
Bill_Murray,Brian_Doyle_Murray,Brother,Brother
John_Murray,Joel_Murray,Brother,Brother
John_Murray,Brian_Doyle_Murray,Brother,Brother
Joel_Murray,Brian_Doyle_Murray,Brother,Brother
Ashley_Olsen,Elizabeth_Olsen,Sister,Sister
Ashley_Olsen,Mary_Kate_Olsen,Sister,Sister
Elizabeth_Olsen,Mary_Kate_Olsen,Sister,Sister
Emily_Osment,Haley_Joel_Osment,Sister,Brother
Sean_Penn,Chris_Penn,Brother,Brother
Joaquin_Phoenix,Rain_Phoenix,Brother,Sister
Joaquin_Phoenix,River_Phoenix,Brother,Brother
Joaquin_Phoenix,Summer_Phoenix,Brother,Sister
Rain_Phoenix,River_Phoenix,Sister,Brother
Rain_Phoenix,Summer_Phoenix,Sister,Sister
River_Phoenix,Summer_Phoenix,Brother,Sister
Dennis_Quaid,Randy_Quaid,Brother,Brother
Joely_Richardson,Natasha_Richardson,Sister,Sister
Eric_Roberts,Julia_Roberts,Brother,Sister
Fred_Savage,Ben_Savage,Brother,Brother
John_Savage,Jim_Youngs,Brother,Brother
Julia_Sawalha,Nadia_Sawalha,Sister,Sister
Ridley_Scott,Tonny_Scott,Brother,Brother
Andrew_Shue,Elisabeth_Shue,Brother,Sister
Jessica_Simpson,Ashlee_Simpson,Sister,Sister
Lori_Singer,Marc_Singer,Sister,Brother
Alexander_Skansgard,Bill_Skansgard,Brother,Brother
Alexander_Skansgard,Gustaf_Skansgard,Brother,Brother
Bill_Skansgard,Gustaf_Skansgard,Brother,Brother
Frank_Stallone,Sylvester_Stallone,Brother,Brother
Dean_Stockwell,Guy_Stockwell,Brother,Brother
Grace_Gummer,Mamie_Gummer,Sister,Sister
Emma_Thompson,Sophie_Thompson,Sister,Sister
Ashley_Tisdale,Jennifer_Tisdale,Sister,Sister
David_Tom,Heather_Tom,Brother,Sister
David_Tom,Nicholle_Tom,Brother,Sister
Heather_Tom,Nicholle_Tom,Sister,Sister
Donald_Trump_Jr,Eric_Trump,Brother,Brother
Donald_Trump_Jr,Ivanka_Trump,Brother,Sister
Eric_Trump,Ivanka_Trump,Brother,Sister
James_Waterston,Katherine_Waterston,Brother,Sister
Andrew_Wilson,Luke_Wilson,Brother,Brother
Andrew_Wilson,Owen_Wilson,Brother,Brother
Luke_Wilson,Owen_Wilson,Brother,Brother
Peter_Woodward,Tim_Woodward,Brother,Brother
Billy_Zane,Lisa_Zane,Brother,Sister
Kay_Panabaker,Danielle_Panabaker,Sister,Sister
Jennifer_Tilly,Meg_Tilly,Sister,Sister
Britney_Spears,Jamie_Lynn_Spears,Sister,Sister
Vanessa_Redgrave,Lynn_Redgrave,Sister,Sister
Dedee_Pfeiffer,Michelle_Pfeiffer,Sister,Sister
Kylie_Minogue,Dannii_Minogue,Sister,Sister
Alyson_Michalka,Amanda_Michalka,Sister,Sister
Kate_Mara,Rooney_Mara,Sister,Sister
Emily_Robison,Martie_Maguire,Sister,Sister
Shelby_Lynne,Allison_Moorer,Sister,Sister
Olivia_de_Havilland,Joan_Fontaine,Sister,Sister
Melissa_Joan,Emily_Hart,Sister,Sister
Majandra_Delfino,Marieh_Delfino,Sister,Sister
Moja_Brennan,Enya,Sister,Sister
Hilary_Duff,Haylie_Duff,Sister,Sister
Aaron_Carter,Nick_Carter,Brother,Brother
James_Arness,Peter_Graves,Brother,Brother
Aaron_Ashmore,Swawn_Ashmore,Brother,Brother
Jim_Belushi,John_Belushi,Brother,Brother
Cameron_Daddo,Andrew_Daddo,Brother,Brother
Cameron_Daddo,Lochie_Daddo,Brother,Brother
Andrew_Daddo,Lochie_Daddo,Brother,Brother
Kevin_Dillon,Matt_Dillon,Brother,Brother
Anthony_Head,Murray_Head,Brother,Brother
Joe_Jonas,Kevin_Jonas,Brother,Brother
Joe_Jonas,Nick_Jonas,Brother,Brother
Kevin_Jonas,Nick_Jonas,Brother,Brother
Christopher_Nolan,Jonanthan_Nolan,Brother,Brother
Charlie_OConnell,Jerry_OConnell,Brother,Brother
Geoff_Stults,George_Stults,Brother,Brother
David_Suchet,John_Suchet,Brother,Brother
Don_Swayze,Patrick_Swayze,Brother,Brother
Dick_Van_Dyke,Jerry_Van_Dyke,Brother,Brother
John_Badham,Mary_Badham,Brother,Sister
Dakota_Fanning,Elle_Fanning,Sister,Sister
Kieran_Culkin,Macaulay_Culkin,Brother,Brother
Kieran_Culkin,Rory_Culkin,Brother,Brother
Macaulay_Culkin,Rory_Culkin,Brother,Brother
Abigail_Breslin,Spencer_Breslin,Sister,Brother
Dave_Franco,James_Franco,Brother,Brother
Ben_Foster,Jon_Foster,Brother,Brother
Tim_Robbins,Adele_Robbins,Brother,Sister
Colin_Firth,Jonathan_Firth,Brother,Brother
Hallie_Kate_Eisenberg,Jesse_Eisenberg,Sister,Brother
Margaux_Hemingway,Mariel_Hemingway,Sister,Sister
Lars_Mikkelsen,Mads_Mikkelsen,Brother,Brother
Vera_Farmiga,Taissa_Farmiga,Sister,Sister
Prince_Harry,Prince_Williams,Brother,Brother
Jack_Osbourne,Kelly_Osbourne,Brother,Sister
Anne_Princess_Royal,Charles_Prince_of_Wales,Sister,Brother
Anne_Princess_Royal,Prince_Andrew_Duke_of_York,Sister,Brother
Anne_Princess_Royal,Prince_Edward_Earl_of_Wessex,Sister,Brother
Charles_Prince_of_Wales,Prince_Andrew_Duke_of_York,Brother,Brother
Charles_Prince_of_Wales,Prince_Edward_Earl_of_Wessex,Brother,Brother
Prince_Andrew_Duke_of_York,Prince_Edward_Earl_of_Wessex,Brother,Brother
Dylan_Penn,Hopper_Penn,Sister,Brother
Emilia_Fox,Freddie_Fox,Sister,Brother
Toby_Stephens,Chris_Larkin,Brother,Brother
Pavlos_Giannakopoulos,Thanasis_Giannakopoulos,Brother,Brother
Kyriakos_Mitsotakis,Dora_Bakoyannis,Brother,Sister
Frank_De_Boer,Ronald_De_Boer,Brother,Brother
Aaron_Boone,Bret_Boone,Brother,Brother
Valerie_Courtois,Thibaut_Courtois,Sister,Brother
Gary_Neville,Phil_Neville,Brother,Brother
Eli_Manning,Peyton_Manning,Brother,Brother
Katherine_Schwarzenegger,Patrick_Schwarzenegger,Sister,Brother
Eunice_Kennedy_Shriver,John_F_Kennedy,Sister,Brother
Eunice_Kennedy_Shriver,Ted_Kennedy,Sister,Brother
Eunice_Kennedy_Shriver,Robert_F_Kennedy,Sister,Brother
Eunice_Kennedy_Shriver,Jean_Kennedy_Smith,Sister,Sister
John_F_Kennedy,Ted_Kennedy,Brother,Brother
John_F_Kennedy,Robert_F_Kennedy,Brother,Brother
John_F_Kennedy,Jean_Kennedy_Smith,Brother,Sister
Ted_Kennedy,Robert_F_Kennedy,Brother,Brother
Ted_Kennedy,Jean_Kennedy_Smith,Brother,Sister
Robert_F_Kennedy,Jean_Kennedy_Smith,Brother,Sister
Maria_Shriver,Anthony_Shriver,Sister,Brother
Maria_Shriver,Bobby_Shriver,Sister,Brother
Maria_Shriver,Mark_Shriver,Sister,Brother
Maria_Shriver,Timothy_Shriver,Sister,Brother
Anthony_Shriver,Bobby_Shriver,Brother,Brother
Anthony_Shriver,Mark_Shriver,Brother,Brother
Anthony_Shriver,Timothy_Shriver,Brother,Brother
Bobby_Shriver,Mark_Shriver,Brother,Brother
Bobby_Shriver,Timothy_Shriver,Brother,Brother
Mark_Shriver,Timothy_Shriver,Brother,Brother
Kara_Kennedy,Edward_M_Kennedy_Jr,Sister,Brother
Kara_Kennedy,Patrick_J_Kennedy,Sister,Brother
Edward_M_Kennedy_Jr,Patrick_J_Kennedy,Brother,Brother
Kathleen_Kennedy_Townsend,Joseph_P_Kennedy_II,Sister,Brother
Kathleen_Kennedy_Townsend,Robert_F_Kennedy_Jr,Sister,Brother
Kathleen_Kennedy_Townsend,Kerry_Kennedy,Sister,Sister
Kathleen_Kennedy_Townsend,Christopher_G_Kennedy,Sister,Brother
Kathleen_Kennedy_Townsend,Max_Kennedy,Sister,Brother
Kathleen_Kennedy_Townsend,Rory_Kennedy,Sister,Sister
Joseph_P_Kennedy_II,Robert_F_Kennedy_Jr,Brother,Brother
Joseph_P_Kennedy_II,Kerry_Kennedy,Brother,Sister
Joseph_P_Kennedy_II,Christopher_G_Kennedy,Brother,Brother
Joseph_P_Kennedy_II,Max_Kennedy,Brother,Brother
Joseph_P_Kennedy_II,Rory_Kennedy,Brother,Sister
Robert_F_Kennedy_Jr,Kerry_Kennedy,Brother,Sister
Robert_F_Kennedy_Jr,Christopher_G_Kennedy,Brother,Brother
Robert_F_Kennedy_Jr,Max_Kennedy,Brother,Brother
Robert_F_Kennedy_Jr,Rory_Kennedy,Brother,Sister
Kerry_Kennedy,Christopher_G_Kennedy,Sister,Brother
Kerry_Kennedy,Max_Kennedy,Sister,Brother
Kerry_Kennedy,Rory_Kennedy,Sister,Sister
Christopher_G_Kennedy,Max_Kennedy,Brother,Brother
Christopher_G_Kennedy,Rory_Kennedy,Brother,Sister
Max_Kennedy,Rory_Kennedy,Brother,Sister
Donnie_Wahlberg,Mark_Wahlberg,Brother,Brother
Patti_Davis,Ron_Reagan,Sister,Brother
Barbara_Pierce_Bush,Jenna_Bush_Hager,Sister,Sister
Yvonne_Zima,Vanessa_Zima,Sister,Sister
Yvonne_Zima,Madeline_Zima,Sister,Sister
Vanessa_Zima,Madeline_Zima,Sister,Sister
Kim_Richards,Kyle_Richards,Sister,Sister
Mickey_Rooney_Jr,Tim_Rooney,Brother,Brother
Mindy_Feldman,Corey_Feldman,Sister,Brother
Matthildi_Magira,Mpeti_Magira,Sister,Sister
Kendall_Jenner,Kylie_Jenner,Sister,Sister
Vanessa_Paradis,Alysson_Paradis,Sister,Sister
Georgios_Papandreou,Andreas_Jr_Papandreou,Brother,Brother
Georgios_Papandreou,Sofia_Papandreou,Brother,Sister
Andreas_Jr_Papandreou,Sofia_Papandreou,Brother,Sister
Nikos_Papandreou,Georgios_Papandreou,Brother,Brother
Nikos_Papandreou,Andreas_Jr_Papandreou,Brother,Brother
Nikos_Papandreou,Sofia_Papandreou,Brother,Sister
